# x_m,y_m,z
-0.815373,-4.171075,-0.0815373
4.088303,-5.131397,0.4088303
8.993053,-6.08622,0.8993053
13.897839,-7.040865,1.3897839
18.802562,-7.995828,1.8802562
23.707226,-8.9511,2.3707226
28.61183,-9.906673,2.861183
33.516378,-10.862539,3.3516378
38.42087,-11.818688,3.842087
43.325309,-12.775113,4.3325309
48.229696,-13.731805,4.8229696
53.134032,-14.688755,5.3134032
58.038319,-15.645955,5.8038319
62.942559,-16.603396,6.2942559
67.846754,-17.56107,6.7846754
72.750905,-18.518968,7.2750905
77.655014,-19.477083,7.7655014
82.559083,-20.435404,8.2559083
87.463112,-21.393924,8.7463112
92.367105,-22.352635,9.2367105
97.271061,-23.311527,9.7271061
102.174984,-24.270593,10.2174984
107.078875,-25.229823,10.7078875
111.982735,-26.18921,11.1982735
116.886566,-27.148744,11.6886566
121.79037,-28.108418,12.179037
126.694149,-29.068222,12.6694149
131.597903,-30.028149,13.1597903
136.501635,-30.988189,13.6501635
141.405347,-31.948335,14.1405347
146.30904,-32.908577,14.630904
151.212715,-33.868907,15.1212715
156.116375,-34.829318,15.6116375
161.02002,-35.789799,16.102002
165.923654,-36.750343,16.5923654
170.827277,-37.710942,17.0827277
175.730891,-38.671586,17.5730891
180.634497,-39.632267,18.0634497
185.538098,-40.592977,18.5538098
190.441696,-41.553707,19.0441696
195.34529,-42.514449,19.534529
200.248885,-43.475194,20.0248885
205.15248,-44.435934,20.515248
210.056078,-45.39666,21.0056078
214.95968,-46.357364,21.495968
219.863288,-47.318037,21.9863288
224.766904,-48.27867,22.4766904
229.67053,-49.239256,22.967053
234.574166,-50.199785,23.4574166
239.477815,-51.16025,23.9477815
244.381479,-52.120641,24.4381479
249.285158,-53.08095,24.9285158
254.188856,-54.041166,25.4188856
259.092576,-55.00127,25.9092576
263.996321,-55.961243,26.3996321
268.900096,-56.921065,26.8900096
273.803904,-57.880716,27.3803904
278.70775,-58.840177,27.870775
283.611636,-59.799429,28.3611636
288.515568,-60.758452,28.8515568
293.419548,-61.717226,29.3419548
298.32358,-62.675733,29.832358
303.227668,-63.633951,30.3227668
308.131817,-64.591863,30.8131817
313.036067,-65.549255,31.3036067
317.941016,-66.503051,31.7941016
322.849855,-67.436506,32.2849855
327.768947,-68.314107,32.7768947
332.702289,-69.107587,33.2702289
337.651441,-69.795471,33.7651441
342.61663,-70.355659,34.261663
347.596569,-70.763681,34.7596569
352.58795,-70.990569,35.258795
357.584352,-71.006254,35.7584352
362.575565,-70.780936,36.2575565
367.547067,-70.285315,36.7547067
372.479556,-69.491417,37.2479556
377.348362,-68.372451,37.7348362
382.118747,-66.889712,38.2118747
386.741226,-64.996441,38.6741226
391.174913,-62.695569,39.1174913
395.394627,-60.022003,39.5394627
399.387497,-57.01977,39.9387497
403.148977,-53.731953,40.3148977
406.681882,-50.199398,40.6681882
409.996368,-46.461095,40.9996368
413.107465,-42.551934,41.3107465
416.033016,-38.501847,41.6033016
418.791379,-34.336025,41.8791379
421.403376,-30.077093,42.1403376
423.889886,-25.743451,42.3889886
426.268615,-21.349394,42.6268615
428.556134,-16.906992,42.8556134
430.768915,-12.426714,43.0768915
432.923378,-7.917962,43.2923378
435.035888,-3.389296,43.5035888
437.122742,1.151314,43.7122742
439.200169,5.69627,43.9200169
441.284338,10.238121,44.1284338
443.391372,14.769364,44.3391372
445.53735,19.282211,44.553735
447.738271,23.76838,44.7738271
450.010365,28.21878,45.0010365
452.370665,32.622887,45.2370665
454.836649,36.968514,45.4836649
457.426286,41.241483,45.7426286
460.157988,45.424945,46.0157988
463.049181,49.499539,46.3049181
466.116005,53.443396,46.6116005
469.37481,57.230243,46.937481
472.840872,60.827621,47.2840872
476.525555,64.20203,47.6525555
480.447544,67.297494,48.0447544
484.62433,70.038167,48.462433
489.02587,72.402819,48.902587
493.609556,74.385811,49.3609556
498.354231,75.944712,49.8354231
503.228043,77.034392,50.3228043
508.191401,77.595308,50.8191401
513.184837,77.549459,51.3184837
518.123557,76.820975,51.8123557
522.916569,75.41872,52.2916569
527.499394,73.439416,52.7499394
531.846913,70.974214,53.1846913
535.891252,68.054967,53.5891252
539.573248,64.687044,53.9573248
542.909684,60.954923,54.2909684
545.85005,56.924509,54.585005
548.383847,52.623166,54.8383847
550.583366,48.129787,55.0583366
552.455791,43.499873,55.2455791
553.986344,38.745802,55.3986344
555.209857,33.900102,55.5209857
556.170848,28.99702,55.6170848
556.898447,24.053925,55.6898447
557.419748,19.084459,55.7419748
557.763519,14.099604,55.7763519
557.95861,9.106562,55.795861
558.034211,4.110262,55.8034211
558.018753,-0.886647,55.8018753
557.9385,-5.882824,55.79385
557.818489,-10.877792,55.7818489
557.689395,-15.872591,55.7689395
557.571504,-20.868005,55.7571504
557.447494,-25.863114,55.7447494
557.273911,-30.856381,55.7273911
557.0139,-35.846199,55.70139
556.648671,-40.830014,55.6648671
556.166026,-45.803965,55.6166026
555.551295,-50.763425,55.5551295
554.788243,-55.701921,55.4788243
553.859912,-60.61172,55.3859912
552.746417,-65.4829,55.2746417
551.427245,-70.30165,55.1427245
549.882766,-75.051545,54.9882766
548.087476,-79.715058,54.8087476
546.009772,-84.260613,54.6009772
543.608947,-88.637374,54.3608947
540.898235,-92.832181,54.0898235
537.939142,-96.859807,53.7939142
534.77732,-100.727772,53.477732
531.434886,-104.440043,53.1434886
527.923849,-107.994901,52.7923849
524.255145,-111.387571,52.4255145
520.440608,-114.615374,52.0440608
516.491862,-117.677655,51.6491862
512.420285,-120.574495,51.2420285
508.237232,-123.307209,50.8237232
503.956531,-125.884008,50.3956531
499.595017,-128.321883,49.9595017
495.165585,-130.634247,49.5165585
490.675116,-132.825942,49.0675116
486.128285,-134.898184,48.6128285
481.529491,-136.852216,48.1529491
476.882895,-138.689781,47.6882895
472.192521,-140.412543,47.2192521
467.462309,-142.022479,46.7462309
462.696335,-143.523398,46.2696335
457.898901,-144.920718,45.7898901
453.074029,-146.220145,45.3074029
448.225275,-147.42743,44.8225275
443.355877,-148.548434,44.3355877
438.46881,-149.589409,43.846881
433.566134,-150.554497,43.3566134
428.649206,-151.444384,42.8649206
423.719205,-152.257815,42.3719205
418.777504,-152.997176,41.8777504
413.826177,-153.670652,41.3826177
408.867664,-154.288378,40.8867664
403.903614,-154.858138,40.3903614
398.934622,-155.3833,39.8934622
393.961145,-155.865094,39.3961145
388.983758,-156.304805,38.8983758
384.002927,-156.703805,38.4002927
379.019083,-157.063469,37.9019083
374.032635,-157.385202,37.4032635
369.043952,-157.670421,36.9043952
364.053378,-157.920554,36.4053378
359.061225,-158.137033,35.9061225
354.067769,-158.321289,35.4067769
349.073263,-158.474747,34.9073263
344.077938,-158.598752,34.4077938
339.081981,-158.694166,33.9081981
334.085554,-158.761148,33.4085554
329.088866,-158.799504,32.9088866
324.092111,-158.809403,32.4092111
319.095371,-158.793423,31.9095371
314.0987,-158.75676,31.40987
309.102143,-158.705434,30.9102143
304.10568,-158.645446,30.410568
299.109256,-158.582101,29.9109256
294.112839,-158.518206,29.4112839
289.11642,-158.454422,28.911642
284.12,-158.390802,28.412
279.123577,-158.327343,27.9123577
274.127152,-158.26404,27.4127152
269.130726,-158.200891,26.9130726
264.134297,-158.137891,26.4134297
259.137867,-158.075036,25.9137867
254.141435,-158.012324,25.4141435
249.145001,-157.94975,24.9145001
244.148565,-157.88731,24.4148565
239.152128,-157.825002,23.9152128
234.155689,-157.76282,23.4155689
229.159249,-157.700761,22.9159249
224.162807,-157.638822,22.4162807
219.166364,-157.576999,21.9166364
214.16992,-157.515288,21.416992
209.173474,-157.453685,20.9173474
204.177027,-157.392187,20.4177027
199.180578,-157.33079,19.9180578
194.184128,-157.269489,19.4184128
189.187678,-157.208283,18.9187678
184.191226,-157.147166,18.4191226
179.194773,-157.086135,17.9194773
174.198319,-157.025186,17.4198319
169.201864,-156.964315,16.9201864
164.205408,-156.903519,16.4205408
159.208951,-156.842795,15.9208951
154.212494,-156.782137,15.4212494
149.216036,-156.721543,14.9216036
144.219577,-156.661009,14.4219577
139.223117,-156.600531,13.9223117
134.226657,-156.540106,13.4226657
129.230196,-156.479728,12.9230196
124.233734,-156.419396,12.4233734
119.237272,-156.359105,11.9237272
114.24081,-156.298851,11.424081
109.244347,-156.238631,10.9244347
104.247884,-156.178441,10.4247884
99.251421,-156.118277,9.9251421
94.254957,-156.058135,9.4254957
89.258493,-155.998012,8.9258493
84.262029,-155.937905,8.4262029
79.265565,-155.877808,7.9265565
74.2691,-155.817719,7.42691
69.272636,-155.757633,6.9272636
64.276171,-155.697548,6.4276171
59.279707,-155.637459,5.9279707
54.283243,-155.577363,5.4283243
49.286779,-155.517255,4.9286779
44.290315,-155.457133,4.4290315
39.293851,-155.396992,3.9293851
34.297388,-155.336828,3.4297388
29.300924,-155.276638,2.9300924
24.304462,-155.216419,2.4304462
19.307999,-155.156166,1.9307999
14.311537,-155.095876,1.4311537
9.315076,-155.035544,0.9315076
4.318615,-154.975168,0.4318615
-0.677845,-154.914743,-0.0677845
-5.674305,-154.854267,-0.5674305
-10.670764,-154.793734,-1.0670764
-15.667222,-154.733141,-1.5667222
-20.66368,-154.672485,-2.066368
-25.660137,-154.611762,-2.5660137
-30.656592,-154.550968,-3.0656592
-35.653047,-154.490099,-3.5653047
-40.649501,-154.429151,-4.0649501
-45.645954,-154.368122,-4.5645954
-50.642406,-154.307007,-5.0642406
-55.638857,-154.245802,-5.5638857
-60.635307,-154.184504,-6.0635307
-65.631755,-154.123109,-6.5631755
-70.628202,-154.061613,-7.0628202
-75.624648,-154.000012,-7.5624648
-80.621093,-153.938303,-8.0621093
-85.617536,-153.876483,-8.5617536
-90.613978,-153.814546,-9.0613978
-95.610418,-153.75249,-9.5610418
-100.606857,-153.690311,-10.0606857
-105.603294,-153.628005,-10.5603294
-110.59973,-153.565568,-11.059973
-115.596164,-153.502996,-11.5596164
-120.592596,-153.440287,-12.0592596
-125.589026,-153.377436,-12.5589026
-130.585455,-153.314439,-13.0585455
-135.581881,-153.251292,-13.5581881
-140.578306,-153.187993,-14.0578306
-145.574729,-153.124537,-14.5574729
-150.57115,-153.06092,-15.057115
-155.567568,-152.997138,-15.5567568
-160.563984,-152.933169,-16.0563984
-165.560396,-152.868935,-16.5560396
-170.556803,-152.804354,-17.0556803
-175.553206,-152.739388,-17.5553206
-180.549604,-152.674017,-18.0549604
-185.545997,-152.608221,-18.5545997
-190.542383,-152.54198,-19.0542383
-195.538764,-152.475272,-19.5538764
-200.535138,-152.408078,-20.0535138
-205.531505,-152.340378,-20.5531505
-210.527864,-152.272151,-21.0527864
-215.524217,-152.203377,-21.5524217
-220.520561,-152.134035,-22.0520561
-225.516897,-152.064106,-22.5516897
-230.513225,-151.993568,-23.0513225
-235.509544,-151.922403,-23.5509544
-240.505854,-151.850588,-24.0505854
-245.502147,-151.777809,-24.5502147
-250.498352,-151.699059,-25.0498352
-255.493841,-151.592865,-25.5493841
-260.487574,-151.427713,-26.0487574
-265.478268,-151.181761,-26.5478268
-270.463882,-150.843771,-27.0463882
-275.441493,-150.403363,-27.5441493
-280.407688,-149.848658,-28.0407688
-285.357902,-149.167218,-28.5357902
-290.287092,-148.346979,-29.0287092
-295.18935,-147.377413,-29.518935
-300.055145,-146.250676,-30.0055145
-304.881621,-144.956406,-30.4881621
-309.64968,-143.457576,-30.964968
-314.321961,-141.691998,-31.4321961
-318.881137,-139.646797,-31.8881137
-323.312518,-137.339624,-32.3312518
-327.591665,-134.763093,-32.7591665
-331.702079,-131.9229,-33.1702079
-335.640483,-128.848743,-33.5640483
-339.411967,-125.571888,-33.9411967
-343.024834,-122.120785,-34.3024834
-346.489354,-118.520752,-34.6489354
-349.817339,-114.793952,-34.9817339
-353.022222,-110.960657,-35.3022222
-356.119099,-107.039509,-35.6119099
-359.124279,-103.047559,-35.9124279
-362.055085,-99.000691,-36.2055085
-364.929049,-94.913221,-36.4929049
-367.762473,-90.797428,-36.7762473
-370.571034,-86.66457,-37.0571034
-373.370489,-82.525515,-37.3370489
-376.176546,-78.390913,-37.6176546
-379.0048,-74.271458,-37.90048
-381.870507,-70.177971,-38.1870507
-384.788197,-66.121366,-38.4788197
-387.77217,-62.113284,-38.777217
-390.838999,-58.168421,-39.0838999
-394.010608,-54.307266,-39.4010608
-397.304054,-50.549346,-39.7304054
-400.732499,-46.914465,-40.0732499
-404.312926,-43.429463,-40.4312926
-408.063451,-40.128369,-40.8063451
-411.997729,-37.048915,-41.1997729
-416.12423,-34.232463,-41.612423
-420.444858,-31.724254,-42.0444858
-424.953744,-29.573771,-42.4953744
-429.635186,-27.831186,-42.9635186
-434.460717,-26.544058,-43.4460717
-439.391007,-25.750324,-43.9391007
-444.376187,-25.445079,-44.4376187
-449.369594,-25.581793,-44.9369594
-454.336865,-26.114226,-45.4336865
-459.253831,-26.997179,-45.9253831
-464.107751,-28.180031,-46.4107751
-468.881751,-29.654147,-46.8881751
-473.553109,-31.426438,-47.3553109
-478.116134,-33.461667,-47.8116134
-482.578754,-35.708799,-48.2578754
-486.949848,-38.129425,-48.6949848
-491.234969,-40.699415,-49.1234969
-495.438913,-43.400237,-49.5438913
-499.56848,-46.213444,-49.956848
-503.633637,-49.118858,-50.3633637
-507.647722,-52.09449,-50.7647722
-511.61816,-55.128203,-51.161816
-515.548296,-58.213979,-51.5548296
-519.441017,-61.346831,-51.9441017
-523.29938,-64.521906,-52.329938
-527.126589,-67.73447,-52.7126589
-530.925979,-70.979891,-53.0925979
-534.701001,-74.253627,-53.4701001
-538.455205,-77.55122,-53.8455205
-542.192225,-80.868274,-54.2192225
-545.915769,-84.200451,-54.5915769
-549.629596,-87.543455,-54.9629596
-553.337507,-90.89302,-55.3337507
-557.043327,-94.244898,-55.7043327
-560.750891,-97.594846,-56.0750891
-564.464027,-100.938615,-56.4464027
-568.186544,-104.271937,-56.8186544
-571.922211,-107.590511,-57.1922211
-575.674749,-110.889994,-57.5674749
-579.447804,-114.165991,-57.9447804
-583.24496,-117.414018,-58.324496
-587.069762,-120.62944,-58.7069762
-590.925675,-123.807481,-59.0925675
-594.816024,-126.943266,-59.4816024
-598.743996,-130.031796,-59.8743996
-602.712737,-133.067593,-60.2712737
-606.726542,-136.043395,-60.6726542
-610.793325,-138.946462,-61.0793325
-614.92703,-141.753403,-61.492703
-619.143024,-144.43501,-61.9143024
-623.454611,-146.959865,-62.3454611
-627.871833,-149.294765,-62.7871833
-632.400694,-151.404677,-63.2400694
-637.042543,-153.252482,-63.7042543
-641.793377,-154.798268,-64.1793377
-646.642653,-155.999399,-64.6642653
-651.571913,-156.811077,-65.1571913
-656.553289,-157.186996,-65.6553289
-661.547414,-157.080388,-66.1547414
-666.501994,-156.446038,-66.6501994
-671.350239,-155.244595,-67.1350239
-676.007924,-153.441895,-67.6007924
-680.368576,-151.009635,-68.0368576
-684.297143,-147.929416,-68.4297143
-687.627613,-144.216442,-68.7627613
-690.19179,-139.942146,-69.019179
-691.9289,-135.264967,-69.19289
-692.898161,-130.367772,-69.2898161
-693.175623,-125.382526,-69.3175623
-692.823328,-120.400394,-69.2823328
-691.914921,-115.488417,-69.1914921
-690.526075,-110.690022,-69.0526075
-688.732732,-106.027212,-68.8732732
-686.609076,-101.504822,-68.6609076
-684.224225,-97.114339,-68.4224225
-681.63469,-92.841016,-68.163469
-678.88435,-88.669102,-67.888435
-676.013608,-84.579465,-67.6013608
-673.068567,-80.543199,-67.3068567
-670.099662,-76.524214,-67.0099662
-667.129572,-72.505925,-66.7129572
-664.161554,-68.48608,-66.4161554
-661.195537,-64.464762,-66.1195537
-658.231426,-60.442037,-65.8231426
-655.269132,-56.417975,-65.5269132
-652.308563,-52.392643,-65.2308563
-649.349626,-48.366111,-64.9349626
-646.39223,-44.338447,-64.639223
-643.436287,-40.309718,-64.3436287
-640.481697,-36.279995,-64.0481697
-637.528398,-32.249327,-63.7528398
-634.576419,-28.217692,-63.4576419
-631.625834,-24.185036,-63.1625834
-628.676718,-20.151306,-62.8676718
-625.729143,-16.116449,-62.5729143
-622.783183,-12.080413,-62.2783183
-619.838912,-8.043145,-61.9838912
-616.896403,-4.004592,-61.6896403
-613.95573,0.035298,-61.395573
-611.016968,4.076577,-61.1016968
-608.080189,8.119299,-60.8080189
-605.145252,12.163356,-60.5145252
-602.210077,16.207204,-60.2210077
-599.268032,20.246032,-59.9268032
-596.31166,24.274416,-59.631166
-593.334885,28.287781,-59.3334885
-590.331834,32.281525,-59.0331834
-587.296539,36.250809,-58.7296539
-584.223115,40.190636,-58.4223115
-581.105803,44.09582,-58.1105803
-577.938999,47.960969,-57.7938999
-574.717283,51.780454,-57.4717283
-571.435453,55.548392,-57.1435453
-568.088542,59.258633,-56.8088542
-564.671893,62.904726,-56.4671893
-561.181189,66.479943,-56.1181189
-557.611491,69.976298,-55.7611491
-553.956882,73.38378,-55.3956882
-550.211785,76.691491,-55.0211785
-546.371281,79.887911,-54.6371281
-542.431245,82.960846,-54.2431245
-538.388444,85.897114,-53.8388444
-534.241265,88.68395,-53.4241265
-529.991265,91.311468,-52.9991265
-525.641921,93.770994,-52.5641921
-521.197289,96.053703,-52.1197289
-516.662006,98.150403,-51.6662006
-512.041364,100.051439,-51.2041364
-507.341298,101.746469,-50.7341298
-502.56844,103.223689,-50.256844
-497.730115,104.469225,-49.7730115
-492.83453,105.46638,-49.283453
-487.893607,106.207907,-48.7893607
-482.921091,106.694915,-48.2921091
-477.930329,106.930399,-47.7930329
-472.933996,106.918713,-47.2933996
-467.944062,106.665255,-46.7944062
-462.971756,106.175405,-46.2971756
-458.027657,105.454422,-45.8027657
-453.121767,104.507705,-45.3121767
-448.263149,103.342383,-44.8263149
-443.459308,101.968463,-44.3459308
-438.716658,100.396146,-43.8716658
-434.040691,98.635332,-43.4040691
-429.435996,96.695708,-42.9435996
-424.906337,94.586738,-42.4906337
-420.454661,92.31774,-42.0454661
-416.082563,89.898903,-41.6082563
-411.790314,87.340996,-41.1790314
-407.577348,84.654466,-40.7577348
-403.442381,81.849333,-40.3442381
-399.383463,78.935212,-39.9383463
-395.398053,75.921312,-39.5398053
-391.483028,72.816511,-39.1483028
-387.634661,69.629438,-38.7634661
-383.848739,66.368418,-38.3848739
-380.120613,63.041463,-38.0120613
-376.445258,59.656285,-37.6445258
-372.817338,56.220358,-37.2817338
-369.231414,52.740623,-36.9231414
-365.683064,49.222518,-36.5683064
-362.168479,45.670668,-36.2168479
-358.683786,42.089474,-35.8683786
-355.225043,38.483195,-35.5225043
-351.788246,34.855978,-35.1788246
-348.369339,31.211881,-34.8369339
-344.964094,27.555014,-34.4964094
-341.568095,23.889556,-34.1568095
-338.176896,20.219651,-33.8176896
-334.786056,16.549413,-33.4786056
-331.39114,12.882948,-33.139114
-327.987732,9.224366,-32.7987732
-324.571448,5.577812,-32.4571448
-321.137943,1.947473,-32.1137943
-317.682929,-1.662391,-31.7682929
-314.202186,-5.24744,-31.4202186
-310.691561,-8.803222,-31.0691561
-307.146169,-12.324187,-30.7146169
-303.554742,-15.797969,-30.3554742
-299.890389,-19.194803,-29.9890389
-296.11621,-22.4692,-29.611621
-292.1984,-25.569968,-29.21984
-288.109613,-28.441008,-28.8109613
-283.831135,-31.020145,-28.3831135
-279.35575,-33.239096,-27.935575
-274.689189,-35.019589,-27.4689189
-269.853703,-36.267456,-26.9853703
-264.898374,-36.878261,-26.4898374
-259.908145,-36.748531,-25.9908145
-255.008215,-35.797677,-25.5008215
-250.36433,-33.974038,-25.036433
-246.168707,-31.284868,-24.6168707
-242.602104,-27.80036,-24.2602104
-239.80172,-23.669595,-23.980172
-237.788588,-19.100018,-23.7788588
-236.501905,-14.274703,-23.6501905
-235.873525,-9.320617,-23.5873525
-235.828256,-4.32597,-23.5828256
-236.290678,0.647865,-23.6290678
-237.182804,5.563167,-23.7182804
-238.427333,10.401676,-23.8427333
-239.949416,15.16049,-23.9949416
-241.67707,19.848817,-24.167707
-243.543247,24.48384,-24.3543247
-245.485791,29.087428,-24.5485791
-247.451778,33.681167,-24.7451778
-249.416161,38.275676,-24.9416161
-251.36692,42.875981,-25.136692
-253.293608,47.486416,-25.3293608
-255.185734,52.111137,-25.5185734
-257.032712,56.754063,-25.7032712
-258.823839,61.418807,-25.8823839
-260.548261,66.108603,-26.0548261
-262.194945,70.82623,-26.2194945
-263.752724,75.573928,-26.3752724
-265.20979,80.353471,-26.520979
-266.552506,85.166362,-26.6552506
-267.765977,90.013425,-26.7765977
-268.835113,94.894329,-26.8835113
-269.744444,99.807483,-26.9744444
-270.48071,104.749357,-27.048071
-271.045224,109.713691,-27.1045224
-271.459023,114.693104,-27.1459023
-271.737472,119.682096,-27.1737472
-271.893818,124.676437,-27.1893818
-271.941465,129.67307,-27.1941465
-271.893826,134.66959,-27.1893826
-271.765327,139.664697,-27.1765327
-271.577994,144.658219,-27.1577994
-271.362364,149.650517,-27.1362364
-271.1508,154.64263,-27.11508
-270.969871,159.636122,-27.0969871
-270.831746,164.631309,-27.0831746
-270.741973,169.627476,-27.0741973
-270.709147,174.624218,-27.0709147
-270.746877,179.620798,-27.0746877
-270.873301,184.615915,-27.0873301
-271.109058,189.607067,-27.1109058
-271.475489,194.590274,-27.1475489
-271.993981,199.559863,-27.1993981
-272.684823,204.508227,-27.2684823
-273.566999,209.425948,-27.3566999
-274.653373,214.302808,-27.4653373
-275.935879,219.131961,-27.5935879
-277.396559,223.910257,-27.7396559
-279.017003,228.636806,-27.9017003
-280.779286,233.312368,-28.0779286
-282.666001,237.939154,-28.2666001
-284.660237,242.520661,-28.4660237
-286.744578,247.061881,-28.6744578
-288.896391,251.571477,-28.8896391
-291.086579,256.062615,-29.1086579
-293.290197,260.547351,-29.3290197
-295.488262,265.034921,-29.5488262
-297.662187,269.53427,-29.7662187
-299.791644,274.054823,-29.9791644
-301.855294,278.60573,-30.1855294
-303.83115,283.195387,-30.383115
-305.696483,287.831046,-30.5696483
-307.429322,292.517845,-30.7429322
-309.009108,297.258012,-30.9009108
-310.416098,302.051749,-31.0416098
-311.624283,306.899951,-31.1624283
-312.59461,311.801694,-31.259461
-313.280344,316.750287,-31.3280344
-313.638124,321.733395,-31.3638124
-313.639577,326.72967,-31.3639577
-313.267866,331.710331,-31.3267866
-312.527266,336.64951,-31.2527266
-311.450833,341.528002,-31.1450833
-310.071334,346.32988,-31.0071334
-308.418586,351.044563,-30.8418586
-306.51931,355.665767,-30.651931
-304.398933,360.190043,-30.4398933
-302.08218,364.617077,-30.208218
-299.592562,368.949432,-29.9592562
-296.952631,373.191999,-29.6952631
-294.183631,377.351498,-29.4183631
-291.303269,381.434867,-29.1303269
-288.326169,385.448408,-28.8326169
-285.265912,389.39868,-28.5265912
-282.134791,393.292516,-28.2134791
-278.947751,397.140607,-27.8947751
-275.728206,400.961855,-27.5728206
-272.497199,404.773534,-27.2497199
-269.263526,408.582943,-26.9263526
-266.030782,412.393147,-26.6030782
-262.801849,416.206572,-26.2801849
-259.579249,420.025328,-25.9579249
-256.363962,423.850248,-25.6363962
-253.155309,427.680756,-25.3155309
-249.952454,431.516112,-24.9952454
-246.754566,435.355602,-24.6754566
-243.559456,439.19726,-24.3559456
-240.357956,443.033353,-24.0357956
-237.13231,446.849293,-23.713231
-233.864262,450.629279,-23.3864262
-230.53745,454.357714,-23.053745
-227.135909,458.017986,-22.7135909
-223.644531,461.592545,-22.3644531
-220.049134,465.062513,-22.0049134
-216.33755,468.407548,-21.633755
-212.499263,471.605908,-21.2499263
-208.520402,474.628743,-20.8520402
-204.385728,477.434946,-20.4385728
-200.083712,479.974115,-20.0083712
-195.612449,482.202585,-19.5612449
-190.988911,484.097891,-19.0988911
-186.238725,485.646062,-18.6238725
-181.383937,486.823177,-18.1383937
-176.446819,487.584099,-17.6446819
-171.460865,487.868312,-17.1460865
-166.473554,487.619589,-16.6473554
-161.543119,486.824978,-16.1543119
-156.725676,485.509249,-15.6725676
-152.073367,483.693824,-15.2073367
-147.640951,481.392517,-14.7640951
-143.487108,478.619622,-14.3487108
-139.67588,475.392012,-13.967588
-136.278142,471.732051,-13.6278142
-133.365111,467.676613,-13.3365111
-130.972401,463.293234,-13.0972401
-129.090901,458.666639,-12.9090901
-127.697046,453.870565,-12.7697046
-126.764958,448.963976,-12.6764958
-126.26884,443.993299,-12.626884
-126.180794,438.999155,-12.6180794
-126.477231,434.013564,-12.6477231
-127.141422,429.060602,-12.7141422
-128.147851,424.166623,-12.8147851
-129.462841,419.347233,-12.9462841
-131.045239,414.607304,-13.1045239
-132.853698,409.949673,-13.2853698
-134.854982,405.371661,-13.4854982
-137.022568,400.869514,-13.7022568
-139.331653,396.438269,-13.9331653
-141.758165,392.070047,-14.1758165
-144.278923,387.755419,-14.4278923
-146.871807,383.48378,-14.6871807
-149.518158,379.245049,-14.9518158
-152.200684,375.029213,-15.2200684
-154.898819,370.823401,-15.4898819
-157.592713,366.614869,-15.7592713
-160.265227,362.392868,-16.0265227
-162.899836,358.147185,-16.2899836
-165.47833,353.867244,-16.547833
-167.979199,349.54155,-16.7979199
-170.378993,345.158994,-17.0378993
-172.653438,340.710093,-17.2653438
-174.777595,336.187506,-17.4777595
-176.7305,331.588852,-17.67305
-178.506013,326.918873,-17.8506013
-180.107708,322.18593,-18.0107708
-181.542269,317.399606,-18.1542269
-182.817314,312.568439,-18.2817314
-183.940498,307.699726,-18.3940498
-184.919928,302.80001,-18.4919928
-185.76303,297.874901,-18.576303
-186.473215,292.928793,-18.6473215
-187.049562,287.965378,-18.7049562
-187.49134,282.988363,-18.749134
-187.80521,278.001473,-18.780521
-188.005643,273.008557,-18.8005643
-188.108571,268.01286,-18.8108571
-188.126366,263.016232,-18.8126366
-188.066372,258.019794,-18.8066372
-187.933988,253.024711,-18.7933988
-187.73492,248.03187,-18.773492
-187.474851,243.041805,-18.7474851
-187.159418,238.054927,-18.7159418
-186.794245,233.071439,-18.6794245
-186.384916,228.091373,-18.6384916
-185.936894,223.114654,-18.5936894
-185.455316,218.141123,-18.5455316
-184.946187,213.170383,-18.4946187
-184.418448,208.201557,-18.4418448
-183.881797,203.23364,-18.3881797
-183.341479,198.266113,-18.3341479
-182.799264,193.298795,-18.2799264
-182.256297,188.331556,-18.2256297
-181.713715,183.364276,-18.1713715
-181.172653,178.39683,-18.1172653
-180.634248,173.429096,-18.0634248
-180.099635,168.460953,-18.0099635
-179.569951,163.492276,-17.9569951
-179.046335,158.522972,-17.9046335
-178.529306,153.552958,-17.8529306
-178.010234,148.583158,-17.8010234
-177.447876,143.61861,-17.7447876
-176.776475,138.667995,-17.6776475
-175.943322,133.741014,-17.5943322
-174.918939,128.849186,-17.4918939
-173.680843,124.007053,-17.3680843
-172.204851,119.231939,-17.2204851
-170.466901,114.547567,-17.0466901
-168.441557,109.980557,-16.8441557
-166.100834,105.567143,-16.6100834
-163.414575,101.362732,-16.3414575
-160.359636,97.406221,-16.0359636
-156.914772,93.794525,-15.6914772
-153.029531,90.668112,-15.3029531
-148.787627,88.020497,-14.8787627
-144.333571,85.755925,-14.4333571
-139.739966,83.793531,-13.9739966
-135.061283,82.03665,-13.5061283
-130.346787,80.379687,-13.0346787
-125.638247,78.705844,-12.5638247
-120.980669,76.896291,-12.0980669
-116.424953,74.844394,-11.6424953
-112.031331,72.467468,-11.2031331
-107.853755,69.731626,-10.7853755
-103.916457,66.658366,-10.3916457
-100.227733,63.289,-10.0227733
-96.783398,59.669796,-9.6783398
-93.551488,55.859293,-9.3551488
-90.483099,51.915605,-9.0483099
-87.52429,47.888934,-8.752429
-84.617704,43.824336,-8.4617704
-81.704401,39.764484,-8.1704401
-78.723504,35.7542,-7.8723504
-75.6232,31.83589,-7.56232
-72.364261,28.048913,-7.2364261
-68.902755,24.446627,-6.8902755
-65.210726,21.080995,-6.5210726
-61.300907,17.971034,-6.1300907
-57.199985,15.117527,-5.7199985
-52.934777,12.51573,-5.2934777
-48.52988,10.15791,-4.852988
-44.007178,8.034616,-4.4007178
-39.387797,6.13053,-3.9387797
-34.69351,4.419101,-3.469351
-29.942829,2.870756,-2.9942829
-25.150358,1.45682,-2.5150358
-20.325048,0.159263,-2.0325048
-15.473628,-1.037082,-1.5473628
-10.601758,-2.147293,-1.0601758
-5.714096,-3.185868,-0.5714096
